{
  "gaia_id": 2635476908753563008,
  "status": "SUCCESS",
  "timestamp": "2026-01-14T12:31:37.177349",
  "optimal_x": 118.0,
  "optimal_y": 1066.0,
  "precision": 0.0008348747406312666,
  "n_comparison_stars": 6,
  "combined_mag": 12.312934398651123,
  "target_ra": 346.62911650454015,
  "target_dec": -5.044864991988495,
  "distance_to_hazard": 77.52418977325722,
  "detector_center_ra": 346.59464924988464,
  "detector_center_dec": -5.008710057922824,
  "target_offset_x": -394.0,
  "target_offset_y": 426.0,
  "target_offset_ra_arcsec": 124.08211675983694,
  "target_offset_dec_arcsec": -130.15776263641817,
  "target_jmag": 11.354000091552734,
  "target_zyj": 12.263347626981913,
  "target_teff": 3352.333251953125,
  "reference_image": "/Users/matthewhooton/PycharmProjects/spirit_precision/ref_images/spirit.fits",
  "bad_pixel_map": "/Users/matthewhooton/PycharmProjects/spirit_precision/BPMs/1_BadPixelMap_20251217.fits",
  "processing_time_seconds": 49.556910276412964,
  "error_message": ""
}